<?xml version="1.0" encoding="UTF-8" standalone="yes"?>
<service type="composite" name="buildSchool">
    <contexte>
        <item name="codeBesoin" id="item1">azert</item>
        <item name="descriptionBesoin" id="item2">aqszde</item>
    </contexte>
    <use type="composite" serviceName="buildSchoolAS" order="true" location="127.0.0.1">
        <inputParameter>
            <item refItem="item1" name="codeBesoin" id="item3">azert</item>
            <item refItem="item2" name="descriptionBesoin" id="item4">aqszde</item>
        </inputParameter>
        <outputParameter>
            <item name="codeProjet" id="item5"></item>
            <item name="imageProjet" id="item6"></item>
            <item name="rapportFinal" id="item7"></item>
        </outputParameter>
    </use>
    <provide>
        <item refItem="item5" name="codeProjet" id="item8"></item>
        <item refItem="item6" name="imageProjet" id="item9"></item>
        <item refItem="item7" name="rapportFinal" id="item10"></item>
    </provide>
</service>
