<?xml version="1.0" encoding="UTF-8" standalone="yes"?>
<service type="composite" name="buildSchoolAS">
    <contexte>
        <item name="codeBesoin" id="item1">codeBesoinValue</item>
        <item name="descriptionBesoin" id="item2">descriptionBesoinValue</item>
    </contexte>
    <service type="simple" name="defineSpecifications">
        <contexte>
            <item name="codeBesoin" id="item1">codeBesoinValue</item>
            <item name="descriptionBesoin" id="item2">descriptionBesoinValue</item>
        </contexte>
        <service type="simple" name="defineSpecifications">
            <contexte>
                <item name="codeBesoin" id="item1">codeBesoinValue</item>
                <item name="descriptionBesoin" id="item2">descriptionBesoinValue</item>
            </contexte>
            <provide>
                <item refItem="item5" name="codeCahier" id="item7">cahierCharges</item>
                <item refItem="item6" name="cahierCharges" id="item8">cahierChargesValue</item>
            </provide>
        </service>
        <provide>
            <item refItem="item5" name="codeCahier" id="item7">cahierCharges</item>
            <item refItem="item6" name="cahierCharges" id="item8">cahierChargesValue</item>
        </provide>
    </service>
    <service type="simple" name="writeCallForTenders">
        <contexte>
            <item name="codeCahier" id="item1">cahierCharges</item>
            <item name="cahierCharges" id="item2">cahierChargesValue</item>
        </contexte>
        <service type="simple" name="writeCallForTenders">
            <contexte>
                <item name="codeCahier" id="item1">cahierCharges</item>
                <item name="cahierCharges" id="item2">cahierChargesValue</item>
            </contexte>
            <provide>
                <item refItem="item5" name="codeAppel" id="item7">appelOffresValue</item>
                <item refItem="item6" name="appelOffres" id="item8">appelOffresValue</item>
            </provide>
        </service>
        <provide>
            <item refItem="item5" name="codeAppel" id="item7">appelOffresValue</item>
            <item refItem="item6" name="appelOffres" id="item8">appelOffresValue</item>
        </provide>
    </service>
    <service type="simple" name="selectCompanies">
        <contexte>
            <item name="codeAppel" id="item1">appelOffresValue</item>
            <item name="appelOffres" id="item2">appelOffresValue</item>
        </contexte>
        <service type="simple" name="selectCompanies">
            <contexte>
                <item name="codeAppel" id="item1">appelOffresValue</item>
                <item name="appelOffres" id="item2">appelOffresValue</item>
            </contexte>
            <provide>
                <item refItem="item5" name="codeEntreprise" id="item7">listEntreprises</item>
                <item refItem="item6" name="listeentreprises" id="item8">listEntreprises</item>
            </provide>
        </service>
        <provide>
            <item refItem="item5" name="codeEntreprise" id="item7">listEntreprises</item>
            <item refItem="item6" name="listeentreprises" id="item8">listEntreprises</item>
        </provide>
    </service>
    <service type="simple" name="financeWorks">
        <contexte>
            <item name="codeEntreprise" id="item1">listEntreprises</item>
            <item name="listeentreprises" id="item2">listEntreprises</item>
        </contexte>
        <service type="simple" name="financeWorks">
            <contexte>
                <item name="codeEntreprise" id="item1">listEntreprises</item>
                <item name="listeentreprises" id="item2">listEntreprises</item>
            </contexte>
            <provide>
                <item refItem="item5" name="codeFinancementE" id="item7">detailFinancement</item>
                <item refItem="item6" name="detailFinancement" id="item8">detailFinancement</item>
            </provide>
        </service>
        <provide>
            <item refItem="item5" name="codeFinancementE" id="item7">detailFinancement</item>
            <item refItem="item6" name="detailFinancement" id="item8">detailFinancement</item>
        </provide>
    </service>
    <service type="simple" name="followConstruction">
        <contexte>
            <item name="codeEntreprise" id="item1">listEntreprises</item>
            <item name="codeFinancementE" id="item2">detailFinancement</item>
            <item name="listeentreprises" id="item3">listEntreprises</item>
            <item name="detailFinancement" id="item4">detailFinancement</item>
        </contexte>
        <service type="simple" name="followConstruction">
            <contexte>
                <item name="codeEntreprise" id="item1">listEntreprises</item>
                <item name="codeFinancementE" id="item2">detailFinancement</item>
                <item name="listeentreprises" id="item3">listEntreprises</item>
                <item name="detailFinancement" id="item4">detailFinancement</item>
            </contexte>
            <provide>
                <item refItem="item9" name="codeProjet" id="item11">rapportEtapeValue</item>
                <item refItem="item10" name="rapportEtape" id="item12">rapportEtape</item>
            </provide>
        </service>
        <provide>
            <item refItem="item9" name="codeProjet" id="item11">rapportEtapeValue</item>
            <item refItem="item10" name="rapportEtape" id="item12">rapportEtape</item>
        </provide>
    </service>
    <service type="simple" name="receiveWorks">
        <contexte>
            <item name="codeProjet" id="item1">rapportEtapeValue</item>
            <item name="rapportEtape" id="item2">rapportEtape</item>
        </contexte>
        <service type="simple" name="receiveWorks">
            <contexte>
                <item name="codeProjet" id="item1">rapportEtapeValue</item>
                <item name="rapportEtape" id="item2">rapportEtape</item>
            </contexte>
            <provide>
                <item refItem="item5" name="codeProjet" id="item8">rapportFinalValue</item>
                <item refItem="item6" name="imageProjet" id="item9">rapportFinalValue</item>
                <item refItem="item7" name="rapportFinal" id="item10">rapportFinalValue</item>
            </provide>
        </service>
        <provide>
            <item refItem="item5" name="codeProjet" id="item8">rapportFinalValue</item>
            <item refItem="item6" name="imageProjet" id="item9">rapportFinalValue</item>
            <item refItem="item7" name="rapportFinal" id="item10">rapportFinalValue</item>
        </provide>
    </service>
    <provide>
        <item refItem="item25" name="codeProjet" id="item28">rapportEtapeValue</item>
        <item refItem="item26" name="imageProjet" id="item29">rapportFinalValue</item>
        <item refItem="item27" name="rapportFinal" id="item30">rapportFinalValue</item>
    </provide>
</service>
