<?xml version="1.0" encoding="UTF-8" standalone="yes"?>
<service type="simple" name="receiveWorks">
    <contexte>
        <item name="codeProjet" id="item1">rapportEtapeValue</item>
        <item name="rapportEtape" id="item2">rapportEtape</item>
    </contexte>
    <use type="simple" serviceName="receiveWorks" order="true" manually="true" location="localhost">
        <inputParameter>
            <item refItem="item1" name="codeProjet" id="item3">rapportEtapeValue</item>
            <item refItem="item2" name="rapportEtape" id="item4">rapportEtape</item>
        </inputParameter>
        <outputParameter>
            <item name="codeProjet" id="item5">rapportFinalValue</item>
            <item name="imageProjet" id="item6">rapportFinalValue</item>
            <item name="rapportFinal" id="item7">rapportFinalValue</item>
        </outputParameter>
    </use>
    <provide>
        <item refItem="item5" name="codeProjet" id="item8">rapportFinalValue</item>
        <item refItem="item6" name="imageProjet" id="item9">rapportFinalValue</item>
        <item refItem="item7" name="rapportFinal" id="item10">rapportFinalValue</item>
    </provide>
</service>
