<?xml version="1.0" encoding="UTF-8" standalone="yes"?>
<service type="simple" name="writeCallForTenders">
    <contexte>
        <item name="codeCahier" id="item1">cahierCharges</item>
        <item name="cahierCharges" id="item2">cahierChargesValue</item>
    </contexte>
    <use type="simple" serviceName="writeCallForTenders" order="true" manually="true" location="localhost">
        <inputParameter>
            <item refItem="item1" name="codeCahier" id="item3">cahierCharges</item>
            <item refItem="item2" name="cahierCharges" id="item4">cahierChargesValue</item>
        </inputParameter>
        <outputParameter>
            <item name="codeAppel" id="item5">appelOffresValue</item>
            <item name="appelOffres" id="item6">appelOffresValue</item>
        </outputParameter>
    </use>
    <provide>
        <item refItem="item5" name="codeAppel" id="item7">appelOffresValue</item>
        <item refItem="item6" name="appelOffres" id="item8">appelOffresValue</item>
    </provide>
</service>
