<?xml version="1.0" encoding="UTF-8" standalone="yes"?>
<service type="composite" name="checkDemand">
    <contexte>
        <item name="infoMission" id="item1">infoMissionValue25Dec</item>
    </contexte>
    <service type="composite" name="generateMissionOrder">
        <contexte>
            <item name="infoMission" id="item1">infoMissionValue25Dec</item>
        </contexte>
        <service type="simple" name="createMissionOrder">
            <contexte>
                <item name="infoMission" id="item1">infoMissionValue25Dec</item>
            </contexte>
            <service type="simple" name="createMissionOrder">
                <contexte>
                    <item name="infoMission" id="item1">infoMissionValue25Dec</item>
                </contexte>
                <provide>
                    <item refItem="item3" name="MO" id="item4">MO</item>
                </provide>
            </service>
            <provide>
                <item refItem="item3" name="MO" id="item4">MO</item>
            </provide>
        </service>
        <service type="simple" name="signMissionOrder">
            <contexte>
                <item name="MO" id="item1">MO</item>
            </contexte>
            <service type="simple" name="signMissionOrder">
                <contexte>
                    <item name="MO" id="item1">MO</item>
                </contexte>
                <provide>
                    <item refItem="item3" name="MOSigned" id="item4">MOSigned</item>
                </provide>
            </service>
            <provide>
                <item refItem="item3" name="MOSigned" id="item4">MOSigned</item>
            </provide>
        </service>
        <provide>
            <item refItem="item5" name="MOSigned" id="item6">MOSigned</item>
        </provide>
    </service>
    <service type="composite" name="preparingLogistic">
        <contexte>
            <item name="reserve" id="item1">reserveeeeee</item>
        </contexte>
        <service type="simple" name="flightBooking">
            <contexte>
                <item name="reserve" id="item1">reserveeeeee</item>
            </contexte>
            <service type="simple" name="flightBooking">
                <contexte>
                    <item name="reserve" id="item1">reserveeeeee</item>
                </contexte>
                <provide>
                    <item refItem="item3" name="infoReserve" id="item4">infoReserve</item>
                </provide>
            </service>
            <provide>
                <item refItem="item3" name="infoReserve" id="item4">infoReserve</item>
            </provide>
        </service>
        <service type="simple" name="hotelReservation">
            <contexte>
                <item name="reserve" id="item1">reserveeeeee</item>
            </contexte>
            <service type="simple" name="hotelReservation">
                <contexte>
                    <item name="reserve" id="item1">reserveeeeee</item>
                </contexte>
                <provide>
                    <item refItem="item3" name="infoReserve" id="item4">infoReserve</item>
                </provide>
            </service>
            <provide>
                <item refItem="item3" name="infoReserve" id="item4">infoReserve</item>
            </provide>
        </service>
        <service type="simple" name="carRenting">
            <contexte>
                <item name="reserve" id="item1">reserveeeeee</item>
            </contexte>
            <service type="simple" name="carRenting">
                <contexte>
                    <item name="reserve" id="item1">reserveeeeee</item>
                </contexte>
                <provide>
                    <item refItem="item3" name="infoReserve" id="item4">infoReserve</item>
                </provide>
            </service>
            <provide>
                <item refItem="item3" name="infoReserve" id="item4">infoReserve</item>
            </provide>
        </service>
        <provide>
            <item refItem="item3" name="infoReserve" id="item8">infoReserve</item>
        </provide>
    </service>
    <provide>
        <item refItem="item3" name="MOSigned" id="item6">MOSigned</item>
        <item refItem="item5" name="infoReserve" id="item7">infoReserve</item>
    </provide>
</service>
