<?xml version="1.0" encoding="UTF-8" standalone="yes"?>
<service type="simple" name="hotelReservation">
    <contexte>
        <item name="reserve" id="item1">reserveeeeee</item>
    </contexte>
    <use type="simple" serviceName="hotelReservation" order="true" manually="true" location="localhost">
        <inputParameter>
            <item refItem="item1" name="reserve" id="item2">reserveeeeee</item>
        </inputParameter>
        <outputParameter>
            <item name="infoReserve" id="item3">infoReserve</item>
        </outputParameter>
    </use>
    <provide>
        <item refItem="item3" name="infoReserve" id="item4">infoReserve</item>
    </provide>
</service>
