<?xml version="1.0" encoding="UTF-8" standalone="yes"?>
<service type="composite" name="buildSchool">
    <contexte>
        <item name="codeBesoin" id="item1">codeBesoinValue</item>
        <item name="descriptionBesoin" id="item2">descriptionBesoinValue</item>
    </contexte>
    <service type="composite" name="buildSchoolAS">
        <contexte>
            <item name="codeBesoin" id="item1">codeBesoinValue</item>
            <item name="descriptionBesoin" id="item2">descriptionBesoinValue</item>
        </contexte>
        <service type="simple" name="defineSpecifications">
            <contexte>
                <item name="codeBesoin" id="item1">codeBesoinValue</item>
                <item name="descriptionBesoin" id="item2">descriptionBesoinValue</item>
            </contexte>
            <service type="simple" name="defineSpecifications">
                <contexte>
                    <item name="codeBesoin" id="item1">codeBesoinValue</item>
                    <item name="descriptionBesoin" id="item2">descriptionBesoinValue</item>
                </contexte>
                <provide>
                    <item refItem="item5" name="codeCahier" id="item7">codeCahierValue</item>
                    <item refItem="item6" name="cahierCharges" id="item8">cahierChargesValue</item>
                </provide>
            </service>
            <provide>
                <item refItem="item5" name="codeCahier" id="item7">codeCahierValue</item>
                <item refItem="item6" name="cahierCharges" id="item8">cahierChargesValue</item>
            </provide>
        </service>
        <service type="simple" name="writeCallForTenders">
            <contexte>
                <item name="codeCahier" id="item1">codeCahierValue</item>
                <item name="cahierCharges" id="item2">cahierChargesValue</item>
            </contexte>
            <service type="simple" name="writeCallForTenders">
                <contexte>
                    <item name="codeCahier" id="item1">codeCahierValue</item>
                    <item name="cahierCharges" id="item2">cahierChargesValue</item>
                </contexte>
                <provide>
                    <item refItem="item5" name="codeAppel" id="item7">codeAppelValue</item>
                    <item refItem="item6" name="appelOffres" id="item8">appelOffresValue</item>
                </provide>
            </service>
            <provide>
                <item refItem="item5" name="codeAppel" id="item7">codeAppelValue</item>
                <item refItem="item6" name="appelOffres" id="item8">appelOffresValue</item>
            </provide>
        </service>
        <service type="simple" name="selectCompanies">
            <contexte>
                <item name="codeAppel" id="item1">codeAppelValue</item>
                <item name="appelOffres" id="item2">appelOffresValue</item>
            </contexte>
            <service type="simple" name="selectCompanies">
                <contexte>
                    <item name="codeAppel" id="item1">codeAppelValue</item>
                    <item name="appelOffres" id="item2">appelOffresValue</item>
                </contexte>
                <provide>
                    <item refItem="item5" name="codeEntreprise" id="item7">codeEntrepriseValue</item>
                    <item refItem="item6" name="listeentreprises" id="item8">listeEntreprisesValue</item>
                </provide>
            </service>
            <provide>
                <item refItem="item5" name="codeEntreprise" id="item7">codeEntrepriseValue</item>
                <item refItem="item6" name="listeentreprises" id="item8">listeEntreprisesValue</item>
            </provide>
        </service>
        <service type="simple" name="financeWorks">
            <contexte>
                <item name="codeEntreprise" id="item1">codeEntrepriseValue</item>
                <item name="listeentreprises" id="item2">listeEntreprisesValue</item>
            </contexte>
            <service type="simple" name="financeWorks">
                <contexte>
                    <item name="codeEntreprise" id="item1">codeEntrepriseValue</item>
                    <item name="listeentreprises" id="item2">listeEntreprisesValue</item>
                </contexte>
                <provide>
                    <item refItem="item5" name="codeFinancementE" id="item7">codeFinancementEValue</item>
                    <item refItem="item6" name="detailFinancement" id="item8">detailFinancementValue</item>
                </provide>
            </service>
            <provide>
                <item refItem="item5" name="codeFinancementE" id="item7">codeFinancementEValue</item>
                <item refItem="item6" name="detailFinancement" id="item8">detailFinancementValue</item>
            </provide>
        </service>
        <service type="simple" name="followConstruction">
            <contexte>
                <item name="codeEntreprise" id="item1">codeEntrepriseValue</item>
                <item name="codeFinancementE" id="item2">codeFinancementEValue</item>
                <item name="listeentreprises" id="item3">listeEntreprisesValue</item>
                <item name="detailFinancement" id="item4">detailFinancementValue</item>
            </contexte>
            <service type="simple" name="followConstruction">
                <contexte>
                    <item name="codeEntreprise" id="item1">codeEntrepriseValue</item>
                    <item name="codeFinancementE" id="item2">codeFinancementEValue</item>
                    <item name="listeentreprises" id="item3">listeEntreprisesValue</item>
                    <item name="detailFinancement" id="item4">detailFinancementValue</item>
                </contexte>
                <provide>
                    <item refItem="item9" name="codeProjet" id="item11">codeProjetValue</item>
                    <item refItem="item10" name="rapportEtape" id="item12">rapportEtapeValue</item>
                </provide>
            </service>
            <provide>
                <item refItem="item9" name="codeProjet" id="item11">codeProjetValue</item>
                <item refItem="item10" name="rapportEtape" id="item12">rapportEtapeValue</item>
            </provide>
        </service>
        <service type="simple" name="receiveWorks">
            <contexte>
                <item name="codeProjet" id="item1">codeProjetValue</item>
                <item name="rapportEtape" id="item2">rapportEtapeValue</item>
            </contexte>
            <service type="simple" name="receiveWorks">
                <contexte>
                    <item name="codeProjet" id="item1">codeProjetValue</item>
                    <item name="rapportEtape" id="item2">rapportEtapeValue</item>
                </contexte>
                <provide>
                    <item refItem="item5" name="codeProjet" id="item8">codeProjetValue</item>
                    <item refItem="item6" name="imageProjet" id="item9">imageProjetValue</item>
                    <item refItem="item7" name="rapportFinal" id="item10">rapportFinalValue</item>
                </provide>
            </service>
            <provide>
                <item refItem="item5" name="codeProjet" id="item8">codeProjetValue</item>
                <item refItem="item6" name="imageProjet" id="item9">imageProjetValue</item>
                <item refItem="item7" name="rapportFinal" id="item10">rapportFinalValue</item>
            </provide>
        </service>
        <provide>
            <item refItem="item25" name="codeProjet" id="item28">codeProjetValue</item>
            <item refItem="item26" name="imageProjet" id="item29">imageProjetValue</item>
            <item refItem="item27" name="rapportFinal" id="item30">rapportFinalValue</item>
        </provide>
    </service>
    <provide>
        <item refItem="item5" name="codeProjet" id="item8">codeProjetValue</item>
        <item refItem="item6" name="imageProjet" id="item9">imageProjetValue</item>
        <item refItem="item7" name="rapportFinal" id="item10">rapportFinalValue</item>
    </provide>
</service>
