<?xml version="1.0" encoding="UTF-8" standalone="yes"?>
<service type="composite" name="buildSchoolAS">
    <contexte>
        <item name="codeBesoin" id="item1">codeBesoinValue</item>
        <item name="descriptionBesoin" id="item2">descriptionBesoinValue</item>
    </contexte>
    <service type="simple" name="defineSpecifications">
        <contexte>
            <item name="codeBesoin" id="item1">codeBesoinValue</item>
            <item name="descriptionBesoin" id="item2">descriptionBesoinValue</item>
        </contexte>
        <service type="simple" name="defineSpecifications">
            <contexte>
                <item name="codeBesoin" id="item1">codeBesoinValue</item>
                <item name="descriptionBesoin" id="item2">descriptionBesoinValue</item>
            </contexte>
            <provide>
                <item refItem="item5" name="codeCahier" id="item7">cahierChargesValue</item>
                <item refItem="item6" name="cahierCharges" id="item8">cahierCharges</item>
            </provide>
        </service>
        <provide>
            <item refItem="item5" name="codeCahier" id="item7">cahierChargesValue</item>
            <item refItem="item6" name="cahierCharges" id="item8">cahierCharges</item>
        </provide>
    </service>
    <service type="simple" name="writeCallForTenders">
        <contexte>
            <item name="codeCahier" id="item1">cahierChargesValue</item>
            <item name="cahierCharges" id="item2">cahierCharges</item>
        </contexte>
        <service type="simple" name="writeCallForTenders">
            <contexte>
                <item name="codeCahier" id="item1">cahierChargesValue</item>
                <item name="cahierCharges" id="item2">cahierCharges</item>
            </contexte>
            <provide>
                <item refItem="item5" name="codeAppel" id="item7">appelOffresValue</item>
                <item refItem="item6" name="appelOffres" id="item8">appelOffressssss</item>
            </provide>
        </service>
        <provide>
            <item refItem="item5" name="codeAppel" id="item7">appelOffresValue</item>
            <item refItem="item6" name="appelOffres" id="item8">appelOffressssss</item>
        </provide>
    </service>
    <service type="simple" name="selectCompanies">
        <contexte>
            <item name="codeAppel" id="item1">appelOffresValue</item>
            <item name="appelOffres" id="item2">appelOffressssss</item>
        </contexte>
        <service type="simple" name="selectCompanies">
            <contexte>
                <item name="codeAppel" id="item1">appelOffresValue</item>
                <item name="appelOffres" id="item2">appelOffressssss</item>
            </contexte>
            <provide>
                <item refItem="item5" name="codeEntreprise" id="item7">codeEntreprise</item>
                <item refItem="item6" name="listeentreprises" id="item8">listeEntreprises</item>
            </provide>
        </service>
        <provide>
            <item refItem="item5" name="codeEntreprise" id="item7">codeEntreprise</item>
            <item refItem="item6" name="listeentreprises" id="item8">listeEntreprises</item>
        </provide>
    </service>
    <service type="simple" name="financeWorks">
        <contexte>
            <item name="codeEntreprise" id="item1">codeEntreprise</item>
            <item name="listeentreprises" id="item2">listeEntreprises</item>
        </contexte>
        <service type="simple" name="financeWorks">
            <contexte>
                <item name="codeEntreprise" id="item1">codeEntreprise</item>
                <item name="listeentreprises" id="item2">listeEntreprises</item>
            </contexte>
            <provide>
                <item refItem="item5" name="codeFinancementE" id="item7">codeFinancementE</item>
                <item refItem="item6" name="detailFinancement" id="item8">detailFinancement</item>
            </provide>
        </service>
        <provide>
            <item refItem="item5" name="codeFinancementE" id="item7">codeFinancementE</item>
            <item refItem="item6" name="detailFinancement" id="item8">detailFinancement</item>
        </provide>
    </service>
    <service type="simple" name="followConstruction">
        <contexte>
            <item name="codeEntreprise" id="item1">codeEntreprise</item>
            <item name="codeFinancementE" id="item2">codeFinancementE</item>
            <item name="listeentreprises" id="item3">listeEntreprises</item>
            <item name="detailFinancement" id="item4">detailFinancement</item>
        </contexte>
        <service type="simple" name="followConstruction">
            <contexte>
                <item name="codeEntreprise" id="item1">codeEntreprise</item>
                <item name="codeFinancementE" id="item2">codeFinancementE</item>
                <item name="listeentreprises" id="item3">listeEntreprises</item>
                <item name="detailFinancement" id="item4">detailFinancement</item>
            </contexte>
            <provide>
                <item refItem="item9" name="codeProjet" id="item11">codeProjet</item>
                <item refItem="item10" name="rapportEtape" id="item12">rapportEtape</item>
            </provide>
        </service>
        <provide>
            <item refItem="item9" name="codeProjet" id="item11">codeProjet</item>
            <item refItem="item10" name="rapportEtape" id="item12">rapportEtape</item>
        </provide>
    </service>
    <service type="simple" name="receiveWorks">
        <contexte>
            <item name="codeProjet" id="item1">codeProjet</item>
            <item name="rapportEtape" id="item2">rapportEtape</item>
        </contexte>
        <service type="simple" name="receiveWorks">
            <contexte>
                <item name="codeProjet" id="item1">codeProjet</item>
                <item name="rapportEtape" id="item2">rapportEtape</item>
            </contexte>
            <provide>
                <item refItem="item5" name="codeProjet" id="item8">imageProjetValue</item>
                <item refItem="item6" name="imageProjet" id="item9">imageProjet</item>
                <item refItem="item7" name="rapportFinal" id="item10">rapportFinal</item>
            </provide>
        </service>
        <provide>
            <item refItem="item5" name="codeProjet" id="item8">imageProjetValue</item>
            <item refItem="item6" name="imageProjet" id="item9">imageProjet</item>
            <item refItem="item7" name="rapportFinal" id="item10">rapportFinal</item>
        </provide>
    </service>
    <provide>
        <item refItem="item25" name="codeProjet" id="item28">codeProjet</item>
        <item refItem="item26" name="imageProjet" id="item29">imageProjet</item>
        <item refItem="item27" name="rapportFinal" id="item30">rapportFinal</item>
    </provide>
</service>
