<?xml version="1.0" encoding="UTF-8" standalone="yes"?>
<service type="composite" name="buildSchoolAS">
    <contexte>
        <item name="codeBesoin" id="item1">codeBesoinValue</item>
        <item name="descriptionBesoin" id="item2">descriptionBesoinValue</item>
    </contexte>
    <use type="composite" serviceName="defineSpecifications" order="true" location="127.0.0.1">
        <inputParameter>
            <item refItem="item1" name="codeBesoin" id="item3">codeBesoinValue</item>
            <item refItem="item2" name="descriptionBesoin" id="item4">descriptionBesoinValue</item>
        </inputParameter>
        <outputParameter>
            <item name="codeCahier" id="item5">cahierChargesValue</item>
            <item name="cahierCharges" id="item6">cahierCharges</item>
        </outputParameter>
    </use>
    <use type="composite" serviceName="writeCallForTenders" order="true" location="127.0.0.1">
        <inputParameter>
            <item refItem="item5" name="codeCahier" id="item7">cahierChargesValue</item>
            <item refItem="item6" name="cahierCharges" id="item8">cahierCharges</item>
        </inputParameter>
        <outputParameter>
            <item name="codeAppel" id="item9">appelOffresValue</item>
            <item name="appelOffres" id="item10">appelOffressssss</item>
        </outputParameter>
    </use>
    <use type="composite" serviceName="selectCompanies" order="true" location="127.0.0.1">
        <inputParameter>
            <item refItem="item9" name="codeAppel" id="item11">appelOffresValue</item>
            <item refItem="item10" name="appelOffres" id="item12">appelOffressssss</item>
        </inputParameter>
        <outputParameter>
            <item name="codeEntreprise" id="item13">codeEntreprise</item>
            <item name="listeentreprises" id="item14">listeEntreprises</item>
        </outputParameter>
    </use>
    <use type="composite" serviceName="financeWorks" order="true" location="127.0.0.1">
        <inputParameter>
            <item refItem="item13" name="codeEntreprise" id="item15">codeEntreprise</item>
            <item refItem="item14" name="listeentreprises" id="item16">listeEntreprises</item>
        </inputParameter>
        <outputParameter>
            <item name="codeFinancementE" id="item17">codeFinancementE</item>
            <item name="detailFinancement" id="item18">detailFinancement</item>
        </outputParameter>
    </use>
    <use type="composite" serviceName="followConstruction" order="true" location="127.0.0.1">
        <inputParameter>
            <item refItem="item13" name="codeEntreprise" id="item19">codeEntreprise</item>
            <item refItem="item17" name="codeFinancementE" id="item20">codeFinancementE</item>
            <item refItem="item14" name="listeentreprises" id="item21">listeEntreprises</item>
            <item refItem="item18" name="detailFinancement" id="item22">detailFinancement</item>
        </inputParameter>
        <outputParameter>
            <item name="codeProjet" id="item23">codeProjet</item>
            <item name="rapportEtape" id="item24">rapportEtape</item>
        </outputParameter>
    </use>
    <use type="composite" serviceName="receiveWorks" order="true" location="127.0.0.1">
        <inputParameter>
            <item refItem="item23" name="codeProjet" id="item25">codeProjet</item>
            <item refItem="item24" name="rapportEtape" id="item26">rapportEtape</item>
        </inputParameter>
        <outputParameter>
            <item name="codeProjet" id="item25">imageProjetValue</item>
            <item name="imageProjet" id="item26">imageProjet</item>
            <item name="rapportFinal" id="item27">rapportFinal</item>
        </outputParameter>
    </use>
    <provide>
        <item refItem="item25" name="codeProjet" id="item28">codeProjet</item>
        <item refItem="item26" name="imageProjet" id="item29">rapportEtape</item>
        <item refItem="item27" name="rapportFinal" id="item30">rapportFinal</item>
    </provide>
</service>
