<?xml version="1.0" encoding="UTF-8" standalone="yes"?>
<service type="composite" name="preparingLogistic">
    <contexte>
        <item name="reserve" id="item1">reserveeee</item>
    </contexte>
    <use type="composite" serviceName="trainBooking" order="true" location="localhost">
        <inputParameter>
            <item refItem="item1" name="reserve" id="item2">reserveeee</item>
        </inputParameter>
        <outputParameter>
            <item name="infoReserve" id="item3">ir1111</item>
        </outputParameter>
    </use>
    <use type="composite" serviceName="hotelReservation" order="true" location="localhost">
        <inputParameter>
            <item refItem="item1" name="reserve" id="item4">reserveeee</item>
        </inputParameter>
        <outputParameter>
            <item name="infoReserve" id="item5">ir2</item>
        </outputParameter>
    </use>
    <use type="composite" serviceName="carRenting" order="true" location="localhost">
        <inputParameter>
            <item refItem="item1" name="reserve" id="item6">reserveeee</item>
        </inputParameter>
        <outputParameter>
            <item name="infoReserve" id="item7">ir3</item>
        </outputParameter>
    </use>
    <provide>
        <item refItem="item3" name="infoReserve" id="item8">ir1111</item>
    </provide>
</service>
