<?xml version="1.0" encoding="UTF-8" standalone="yes"?>
<service type="simple" name="followConstruction">
    <contexte>
        <item name="codeEntreprise" id="item1"/>
		<item name="codeFinancementE" id="item2"/>
		<item name="listeentreprises" id="item3"/>
		<item name="detailFinancement" id="item4"/>
    </contexte>
    <use type="simple" manually="true" serviceName="followConstruction" order="true" location="localhost">
        <inputParameter>
            <item refItem="item1" name="codeEntreprise" id="item5"/>
			<item refItem="item2" name="codeFinancementE" id="item6"/>
			<item refItem="item3" name="listeentreprises" id="item7"/>
			<item refItem="item4" name="detailFinancement" id="item8"/>
        </inputParameter>
        <outputParameter>
			<item name="codeProjet" id="item9"/>
			<item name="rapportEtape" id="item10"/>
        </outputParameter>
    </use>
    <provide>
		<item refItem="item9" name="codeProjet" id="item11"/>
		<item refItem="item10" name="rapportEtape" id="item12"/>
    </provide>
</service>
