<?xml version="1.0" encoding="UTF-8" standalone="yes"?>
<service type="simple" name="writeCallForTenders">
    <contexte>
        <item name="codeCahier" id="item1"/>
		<item name="cahierCharges" id="item2"/>
    </contexte>
    <use type="simple" manually="true" serviceName="writeCallForTenders" order="true" location="localhost">
        <inputParameter>
            <item refItem="item1" name="codeCahier" id="item3"/>
			<item refItem="item2" name="cahierCharges" id="item4"/>
        </inputParameter>
        <outputParameter>
			<item name="codeAppel" id="item5"/>
			<item name="appelOffres" id="item6"/>
        </outputParameter>
    </use>
    <provide>
		<item refItem="item5" name="codeAppel" id="item7"/>
		<item refItem="item6" name="appelOffres" id="item8"/>
    </provide>
</service>
