<?xml version="1.0" encoding="UTF-8" standalone="yes"?>
<service type="composite" name="preparingLogistic">
    <contexte>
        <item name="reserve" id="item1">reserve</item>
    </contexte>
    <use type="composite" serviceName="flightBooking" order="true" location="127.0.0.1">
        <inputParameter>
            <item refItem="item1" name="reserve" id="item2">reserve</item>
        </inputParameter>
        <outputParameter>
            <item name="infoReserve" id="item3">infoReserveVal</item>
        </outputParameter>
    </use>
    <use type="composite" serviceName="hotelReservation" order="true" location="127.0.0.1">
        <inputParameter>
            <item refItem="item1" name="reserve" id="item4">reserve</item>
        </inputParameter>
        <outputParameter>
            <item name="infoReserve" id="item5">infoReserveVal</item>
        </outputParameter>
    </use>
    <use type="composite" serviceName="carRenting" order="true" location="127.0.0.1">
        <inputParameter>
            <item refItem="item1" name="reserve" id="item6">reserve</item>
        </inputParameter>
        <outputParameter>
            <item name="infoReserve" id="item7">infoReserveVal</item>
        </outputParameter>
    </use>
    <provide>
        <item refItem="item3" name="infoReserve" id="item8">infoReserveVal</item>
    </provide>
</service>
