<?xml version="1.0" encoding="UTF-8" standalone="yes"?>
<service type="composite" name="checkDemand">
    <contexte>
        <item name="infoMission" id="item1">infoMissiondddd</item>
    </contexte>
    <use type="composite" serviceName="rejectRequest" order="true" location="127.0.0.1">
        <inputParameter>
            <item refItem="item1" name="infoMission" id="item2">infoMissiondddd</item>
        </inputParameter>
        <outputParameter>
            <item name="MOSigned" id="item3">MOSigned</item>
        </outputParameter>
    </use>
    <provide>
        <item refItem="item3" name="MOSigned" id="item4">MOSigned</item>
        <item refItem="item3" name="infoReserve" id="item5">MOSigned</item>
    </provide>
</service>
