<?xml version="1.0" encoding="UTF-8" standalone="yes"?>
<service type="simple" name="followConstruction">
    <contexte>
        <item name="codeEntreprise" id="item1">listeEntreprisesssss</item>
        <item name="codeFinancementE" id="item2">listeEntreprisesssss</item>
        <item name="listeentreprises" id="item3">4</item>
        <item name="detailFinancement" id="item4">5</item>
    </contexte>
    <use type="simple" serviceName="followConstruction" order="true" manually="true" location="localhost">
        <inputParameter>
            <item refItem="item1" name="codeEntreprise" id="item5">listeEntreprisesssss</item>
            <item refItem="item2" name="codeFinancementE" id="item6">listeEntreprisesssss</item>
            <item refItem="item3" name="listeentreprises" id="item7">4</item>
            <item refItem="item4" name="detailFinancement" id="item8">5</item>
        </inputParameter>
        <outputParameter>
            <item name="codeProjet" id="item9">detailFinancementtttt</item>
            <item name="rapportEtape" id="item10">22222</item>
        </outputParameter>
    </use>
    <provide>
        <item refItem="item9" name="codeProjet" id="item11">detailFinancementtttt</item>
        <item refItem="item10" name="rapportEtape" id="item12">22222</item>
    </provide>
</service>
