<?xml version="1.0" encoding="UTF-8" standalone="yes"?>
<service type="simple" name="defineSpecifications">
    <contexte>
        <item name="codeBesoin" id="item1">aaaaaa</item>
        <item name="descriptionBesoin" id="item2">bbbbbb</item>
    </contexte>
    <use type="simple" serviceName="defineSpecifications" order="true" manually="true" location="localhost">
        <inputParameter>
            <item refItem="item1" name="codeBesoin" id="item3">aaaaaa</item>
            <item refItem="item2" name="descriptionBesoin" id="item4">bbbbbb</item>
        </inputParameter>
        <outputParameter>
            <item name="codeCahier" id="item5">cahierDesCharges</item>
            <item name="cahierCharges" id="item6">cahierDesCharges</item>
        </outputParameter>
    </use>
    <provide>
        <item refItem="item5" name="codeCahier" id="item7">cahierDesCharges</item>
        <item refItem="item6" name="cahierCharges" id="item8">cahierDesCharges</item>
    </provide>
</service>
