<?xml version="1.0" encoding="UTF-8" standalone="yes"?>
<service type="composite" name="buildSchool">
    <contexte>
        <item name="codeBesoin" id="item1">001</item>
        <item name="descriptionBesoin" id="item2">descriptionnnn</item>
    </contexte>
    <service type="composite" name="buildSchoolAS">
        <contexte>
            <item name="codeBesoin" id="item1">001</item>
            <item name="descriptionBesoin" id="item2">descriptionnnn</item>
        </contexte>
        <service type="simple" name="defineSpecifications">
            <contexte>
                <item name="codeBesoin" id="item1">001</item>
                <item name="descriptionBesoin" id="item2">descriptionnnn</item>
            </contexte>
            <service type="simple" name="defineSpecifications">
                <contexte>
                    <item name="codeBesoin" id="item1">001</item>
                    <item name="descriptionBesoin" id="item2">descriptionnnn</item>
                </contexte>
                <provide>
                    <item refItem="item5" name="codeCahier" id="item7">1</item>
                    <item refItem="item6" name="cahierCharges" id="item8">cahierChargesValueee</item>
                </provide>
            </service>
            <provide>
                <item refItem="item5" name="codeCahier" id="item7">1</item>
                <item refItem="item6" name="cahierCharges" id="item8">cahierChargesValueee</item>
            </provide>
        </service>
        <service type="simple" name="writeCallForTenders">
            <contexte>
                <item name="codeCahier" id="item1">1</item>
                <item name="cahierCharges" id="item2">cahierChargesValueee</item>
            </contexte>
            <service type="simple" name="writeCallForTenders">
                <contexte>
                    <item name="codeCahier" id="item1">1</item>
                    <item name="cahierCharges" id="item2">cahierChargesValueee</item>
                </contexte>
                <provide>
                    <item refItem="item5" name="codeAppel" id="item7">235</item>
                    <item refItem="item6" name="appelOffres" id="item8">appelOffresValue</item>
                </provide>
            </service>
            <provide>
                <item refItem="item5" name="codeAppel" id="item7">235</item>
                <item refItem="item6" name="appelOffres" id="item8">appelOffresValue</item>
            </provide>
        </service>
        <service type="simple" name="selectCompanies">
            <contexte>
                <item name="codeAppel" id="item1">235</item>
                <item name="appelOffres" id="item2">appelOffresValue</item>
            </contexte>
            <service type="simple" name="selectCompanies">
                <contexte>
                    <item name="codeAppel" id="item1">235</item>
                    <item name="appelOffres" id="item2">appelOffresValue</item>
                </contexte>
                <provide>
                    <item refItem="item5" name="codeEntreprise" id="item7">buildSchool</item>
                    <item refItem="item6" name="listeentreprises" id="item8">1</item>
                </provide>
            </service>
            <provide>
                <item refItem="item5" name="codeEntreprise" id="item7">buildSchool</item>
                <item refItem="item6" name="listeentreprises" id="item8">1</item>
            </provide>
        </service>
        <service type="simple" name="financeWorks">
            <contexte>
                <item name="codeEntreprise" id="item1">buildSchool</item>
                <item name="listeentreprises" id="item2">1</item>
            </contexte>
            <service type="simple" name="financeWorks">
                <contexte>
                    <item name="codeEntreprise" id="item1">buildSchool</item>
                    <item name="listeentreprises" id="item2">1</item>
                </contexte>
                <provide>
                    <item refItem="item5" name="codeFinancementE" id="item7">entrepriseeee</item>
                    <item refItem="item6" name="detailFinancement" id="item8">codeFinancementEValue</item>
                </provide>
            </service>
            <provide>
                <item refItem="item5" name="codeFinancementE" id="item7">entrepriseeee</item>
                <item refItem="item6" name="detailFinancement" id="item8">codeFinancementEValue</item>
            </provide>
        </service>
        <use type="composite" serviceName="followConstruction" order="true" location="127.0.0.1">
            <inputParameter>
                <item refItem="item13" name="codeEntreprise" id="item19"></item>
                <item refItem="item17" name="codeFinancementE" id="item20"></item>
                <item refItem="item14" name="listeentreprises" id="item21"></item>
                <item refItem="item18" name="detailFinancement" id="item22"></item>
            </inputParameter>
            <outputParameter>
                <item name="codeProjet" id="item23"></item>
                <item name="rapportEtape" id="item24"></item>
            </outputParameter>
        </use>
        <use type="composite" serviceName="receiveWorks" order="true" location="127.0.0.1">
            <inputParameter>
                <item refItem="item23" name="codeProjet" id="item25"></item>
                <item refItem="item24" name="rapportEtape" id="item26"></item>
            </inputParameter>
            <outputParameter>
                <item name="codeProjet" id="item25"></item>
                <item name="imageProjet" id="item26"></item>
                <item name="rapportFinal" id="item27"></item>
            </outputParameter>
        </use>
        <provide>
            <item refItem="item25" name="codeProjet" id="item28"></item>
            <item refItem="item26" name="imageProjet" id="item29"></item>
            <item refItem="item27" name="rapportFinal" id="item30"></item>
        </provide>
    </service>
    <provide>
        <item refItem="item5" name="codeProjet" id="item8"></item>
        <item refItem="item6" name="imageProjet" id="item9"></item>
        <item refItem="item7" name="rapportFinal" id="item10"></item>
    </provide>
</service>
