<?xml version="1.0" encoding="UTF-8" standalone="yes"?>
<service type="simple" name="financeWorks">
    <contexte>
        <item name="codeEntreprise" id="item1">buildSchool</item>
        <item name="listeentreprises" id="item2">1</item>
    </contexte>
    <use type="simple" serviceName="financeWorks" order="true" manually="true" location="localhost">
        <inputParameter>
            <item refItem="item1" name="codeEntreprise" id="item3">buildSchool</item>
            <item refItem="item2" name="listeentreprises" id="item4">1</item>
        </inputParameter>
        <outputParameter>
            <item name="codeFinancementE" id="item5">entrepriseeee</item>
            <item name="detailFinancement" id="item6">codeFinancementEValue</item>
        </outputParameter>
    </use>
    <provide>
        <item refItem="item5" name="codeFinancementE" id="item7">entrepriseeee</item>
        <item refItem="item6" name="detailFinancement" id="item8">codeFinancementEValue</item>
    </provide>
</service>
