<?xml version="1.0" encoding="UTF-8" standalone="yes"?>
<service type="simple" name="followConstruction">
    <contexte>
        <item name="codeEntreprise" id="item1">buildSchool</item>
        <item name="codeFinancementE" id="item2">entrepriseeee</item>
        <item name="listeentreprises" id="item3">1</item>
        <item name="detailFinancement" id="item4">codeFinancementEValue</item>
    </contexte>
    <use type="simple" serviceName="followConstruction" order="true" manually="true" location="localhost">
        <inputParameter>
            <item refItem="item1" name="codeEntreprise" id="item5">buildSchool</item>
            <item refItem="item2" name="codeFinancementE" id="item6">entrepriseeee</item>
            <item refItem="item3" name="listeentreprises" id="item7">1</item>
            <item refItem="item4" name="detailFinancement" id="item8">codeFinancementEValue</item>
        </inputParameter>
        <outputParameter>
            <item name="codeProjet" id="item9"></item>
            <item name="rapportEtape" id="item10"></item>
        </outputParameter>
    </use>
    <provide>
        <item refItem="item9" name="codeProjet" id="item11"></item>
        <item refItem="item10" name="rapportEtape" id="item12"></item>
    </provide>
</service>
