<?xml version="1.0" encoding="UTF-8" standalone="yes"?>
<service type="composite" name="buildSchoolAS">
    <contexte>
        <item name="codeBesoin" id="item1">codeBesoin</item>
        <item name="descriptionBesoin" id="item2">descriptionBesoin</item>
    </contexte>
    <service type="simple" name="defineSpecifications">
        <contexte>
            <item name="codeBesoin" id="item1">codeBesoin</item>
            <item name="descriptionBesoin" id="item2">descriptionBesoin</item>
        </contexte>
        <service type="simple" name="defineSpecifications">
            <contexte>
                <item name="codeBesoin" id="item1">codeBesoin</item>
                <item name="descriptionBesoin" id="item2">descriptionBesoin</item>
            </contexte>
            <provide>
                <item refItem="item5" name="codeCahier" id="item7">1</item>
                <item refItem="item6" name="cahierCharges" id="item8">cahiersDesChargesValue</item>
            </provide>
        </service>
        <provide>
            <item refItem="item5" name="codeCahier" id="item7">1</item>
            <item refItem="item6" name="cahierCharges" id="item8">cahiersDesChargesValue</item>
        </provide>
    </service>
    <service type="simple" name="writeCallForTenders">
        <contexte>
            <item name="codeCahier" id="item1">1</item>
            <item name="cahierCharges" id="item2">cahiersDesChargesValue</item>
        </contexte>
        <service type="simple" name="writeCallForTenders">
            <contexte>
                <item name="codeCahier" id="item1">1</item>
                <item name="cahierCharges" id="item2">cahiersDesChargesValue</item>
            </contexte>
            <provide>
                <item refItem="item5" name="codeAppel" id="item7">2</item>
                <item refItem="item6" name="appelOffres" id="item8">appelOffresValues</item>
            </provide>
        </service>
        <provide>
            <item refItem="item5" name="codeAppel" id="item7">2</item>
            <item refItem="item6" name="appelOffres" id="item8">appelOffresValues</item>
        </provide>
    </service>
    <service type="simple" name="selectCompanies">
        <contexte>
            <item name="codeAppel" id="item1">2</item>
            <item name="appelOffres" id="item2">appelOffresValues</item>
        </contexte>
        <service type="simple" name="selectCompanies">
            <contexte>
                <item name="codeAppel" id="item1">2</item>
                <item name="appelOffres" id="item2">appelOffresValues</item>
            </contexte>
            <provide>
                <item refItem="item5" name="codeEntreprise" id="item7">3</item>
                <item refItem="item6" name="listeentreprises" id="item8">listeEntreprises</item>
            </provide>
        </service>
        <provide>
            <item refItem="item5" name="codeEntreprise" id="item7">3</item>
            <item refItem="item6" name="listeentreprises" id="item8">listeEntreprises</item>
        </provide>
    </service>
    <service type="simple" name="financeWorks">
        <contexte>
            <item name="codeEntreprise" id="item1">3</item>
            <item name="listeentreprises" id="item2">listeEntreprises</item>
        </contexte>
        <service type="simple" name="financeWorks">
            <contexte>
                <item name="codeEntreprise" id="item1">3</item>
                <item name="listeentreprises" id="item2">listeEntreprises</item>
            </contexte>
            <provide>
                <item refItem="item5" name="codeFinancementE" id="item7">4</item>
                <item refItem="item6" name="detailFinancement" id="item8">detailFinancementValue</item>
            </provide>
        </service>
        <provide>
            <item refItem="item5" name="codeFinancementE" id="item7">4</item>
            <item refItem="item6" name="detailFinancement" id="item8">detailFinancementValue</item>
        </provide>
    </service>
    <service type="simple" name="followConstruction">
        <contexte>
            <item name="codeEntreprise" id="item1">3</item>
            <item name="codeFinancementE" id="item2">4</item>
            <item name="listeentreprises" id="item3">listeEntreprises</item>
            <item name="detailFinancement" id="item4">detailFinancementValue</item>
        </contexte>
        <service type="simple" name="followConstruction">
            <contexte>
                <item name="codeEntreprise" id="item1">3</item>
                <item name="codeFinancementE" id="item2">4</item>
                <item name="listeentreprises" id="item3">listeEntreprises</item>
                <item name="detailFinancement" id="item4">detailFinancementValue</item>
            </contexte>
            <provide>
                <item refItem="item9" name="codeProjet" id="item11">5</item>
                <item refItem="item10" name="rapportEtape" id="item12">rapportEtapeValue</item>
            </provide>
        </service>
        <provide>
            <item refItem="item9" name="codeProjet" id="item11">5</item>
            <item refItem="item10" name="rapportEtape" id="item12">rapportEtapeValue</item>
        </provide>
    </service>
    <service type="simple" name="receiveWorks">
        <contexte>
            <item name="codeProjet" id="item1">5</item>
            <item name="rapportEtape" id="item2">rapportEtapeValue</item>
        </contexte>
        <service type="simple" name="receiveWorks">
            <contexte>
                <item name="codeProjet" id="item1">5</item>
                <item name="rapportEtape" id="item2">rapportEtapeValue</item>
            </contexte>
            <provide>
                <item refItem="item5" name="codeProjet" id="item8">5</item>
                <item refItem="item6" name="imageProjet" id="item9">imageProjetValue</item>
                <item refItem="item7" name="rapportFinal" id="item10">rapportFinalValue</item>
            </provide>
        </service>
        <provide>
            <item refItem="item5" name="codeProjet" id="item8">5</item>
            <item refItem="item6" name="imageProjet" id="item9">imageProjetValue</item>
            <item refItem="item7" name="rapportFinal" id="item10">rapportFinalValue</item>
        </provide>
    </service>
    <provide>
        <item refItem="item25" name="codeProjet" id="item28">5</item>
        <item refItem="item26" name="imageProjet" id="item29">imageProjetValue</item>
        <item refItem="item27" name="rapportFinal" id="item30">rapportFinalValue</item>
    </provide>
</service>
