<?xml version="1.0" encoding="UTF-8" standalone="yes"?>
<service type="composite" name="buildSchoolAS">
    <contexte>
        <item name="codeBesoin" id="item1">codeBesoin</item>
        <item name="descriptionBesoin" id="item2">descriptionBesoin</item>
    </contexte>
    <use type="composite" serviceName="defineSpecifications" order="true" location="127.0.0.1">
        <inputParameter>
            <item refItem="item1" name="codeBesoin" id="item3">codeBesoin</item>
            <item refItem="item2" name="descriptionBesoin" id="item4">descriptionBesoin</item>
        </inputParameter>
        <outputParameter>
            <item name="codeCahier" id="item5">1</item>
            <item name="cahierCharges" id="item6">cahiersDesChargesValue</item>
        </outputParameter>
    </use>
    <use type="composite" serviceName="writeCallForTenders" order="true" location="127.0.0.1">
        <inputParameter>
            <item refItem="item5" name="codeCahier" id="item7">1</item>
            <item refItem="item6" name="cahierCharges" id="item8">cahiersDesChargesValue</item>
        </inputParameter>
        <outputParameter>
            <item name="codeAppel" id="item9">2</item>
            <item name="appelOffres" id="item10">appelOffresValues</item>
        </outputParameter>
    </use>
    <use type="composite" serviceName="selectCompanies" order="true" location="127.0.0.1">
        <inputParameter>
            <item refItem="item9" name="codeAppel" id="item11">2</item>
            <item refItem="item10" name="appelOffres" id="item12">appelOffresValues</item>
        </inputParameter>
        <outputParameter>
            <item name="codeEntreprise" id="item13">3</item>
            <item name="listeentreprises" id="item14">listeEntreprises</item>
        </outputParameter>
    </use>
    <use type="composite" serviceName="financeWorks" order="true" location="127.0.0.1">
        <inputParameter>
            <item refItem="item13" name="codeEntreprise" id="item15">3</item>
            <item refItem="item14" name="listeentreprises" id="item16">listeEntreprises</item>
        </inputParameter>
        <outputParameter>
            <item name="codeFinancementE" id="item17">4</item>
            <item name="detailFinancement" id="item18">detailFinancementValue</item>
        </outputParameter>
    </use>
    <use type="composite" serviceName="followConstruction" order="true" location="127.0.0.1">
        <inputParameter>
            <item refItem="item13" name="codeEntreprise" id="item19">3</item>
            <item refItem="item17" name="codeFinancementE" id="item20">4</item>
            <item refItem="item14" name="listeentreprises" id="item21">listeEntreprises</item>
            <item refItem="item18" name="detailFinancement" id="item22">detailFinancementValue</item>
        </inputParameter>
        <outputParameter>
            <item name="codeProjet" id="item23">5</item>
            <item name="rapportEtape" id="item24">rapportEtapeValue</item>
        </outputParameter>
    </use>
    <use type="composite" serviceName="receiveWorks" order="true" location="127.0.0.1">
        <inputParameter>
            <item refItem="item23" name="codeProjet" id="item25">5</item>
            <item refItem="item24" name="rapportEtape" id="item26">rapportEtapeValue</item>
        </inputParameter>
        <outputParameter>
            <item name="codeProjet" id="item25">5</item>
            <item name="imageProjet" id="item26">imageProjetValue</item>
            <item name="rapportFinal" id="item27">rapportFinalValue</item>
        </outputParameter>
    </use>
    <provide>
        <item refItem="item25" name="codeProjet" id="item28">5</item>
        <item refItem="item26" name="imageProjet" id="item29">rapportEtapeValue</item>
        <item refItem="item27" name="rapportFinal" id="item30">rapportFinalValue</item>
    </provide>
</service>
